ticker,sic,sector
AAL,4512,Industrials
AAPL,3571,Information Technology
ABBV,2834,Health Care
ABNB,7340,Consumer Discretionary
ABT,2834,Health Care
ACN,7389,Information Technology
ADBE,7372,Information Technology
ADI,3674,Information Technology
ADM,2070,Consumer Staples
ADP,7374,Information Technology
ADSK,7372,Information Technology
AEO,5651,Consumer Discretionary
AIG,6331,Financials
AKAM,7389,Information Technology
ALAB,3674,Information Technology
ALGN,3842,Health Care
ALL,6331,Financials
ALNY,2834,Health Care
AMAT,3674,Information Technology
AMD,3674,Information Technology
AMGN,2836,Health Care
AMT,6798,Real Estate
AMZN,5961,Consumer Discretionary
ANET,3576,Information Technology
APA,1311,Energy
APH,3678,Information Technology
APO,6282,Financials
APP,7370,Information Technology
ARM,3674,Information Technology
ASML,3559,Industrials
ATI,3317,Materials
AVGO,3674,Information Technology
AXP,6199,Financials
AZN,2834,Health Care
AZO,5531,Consumer Discretionary
BA,3721,Industrials
BAC,6021,Financials
BATRA,7900,Communication Services
BAX,3841,Health Care
BB,7372,Information Technology
BBY,5731,Consumer Discretionary
BDX,3841,Health Care
BIDU,7370,Information Technology
BIIB,2836,Health Care
BKNG,4700,Consumer Discretionary
BKR,3533,Industrials
BLK,6211,Financials
BMRN,2834,Health Care
BMY,2834,Health Care
BNY,6022,Financials
BRK-B,6331,Financials
BSX,3841,Health Care
BX,6282,Financials
C,6021,Financials
CAR,7510,Industrials
CAT,3531,Industrials
CB,6331,Financials
CCEP,2086,Consumer Staples
CCL,4400,Consumer Discretionary
CDNS,7372,Information Technology
CEG,4911,Utilities
CF,2870,Materials
CHKP,7372,Information Technology
CHRW,4731,Industrials
CHTR,4841,Communication Services
CI,6324,Health Care
CIEN,3661,Information Technology
CL,2844,Consumer Staples
CLF,1000,Materials
CMCSA,4841,Communication Services
CME,6200,Financials
CMG,5812,Consumer Discretionary
CMI,3510,Industrials
CNC,6324,Health Care
CNX,1311,Energy
COF,6021,Financials
COHR,3827,Information Technology
COIN,6199,Financials
COP,2911,Energy
COST,5331,Consumer Staples
CRM,7372,Information Technology
CRWD,7372,Information Technology
CRWV,7372,Information Technology
CSCO,3576,Information Technology
CSGP,7389,Industrials
CSX,4011,Industrials
CTSH,7371,Information Technology
CVNA,5500,Consumer Discretionary
CVS,5912,Consumer Staples
CVX,2911,Energy
DAL,4512,Industrials
DASH,7389,Consumer Discretionary
DD,2821,Materials
DDOG,7372,Information Technology
DE,3523,Industrials
DELL,3571,Information Technology
DG,5331,Consumer Staples
DHI,1531,Consumer Discretionary
DHR,3823,Information Technology
DIS,7990,Consumer Discretionary
DLTR,5331,Consumer Staples
DOCU,7372,Information Technology
DUK,4931,Utilities
DVN,1311,Energy
DXCM,3841,Health Care
EBAY,7389,Consumer Discretionary
ECL,2840,Materials
ELV,6324,Health Care
EMR,3600,Industrials
ENPH,3674,Information Technology
EOG,1311,Energy
EQIX,6798,Real Estate
ERIC,3663,Information Technology
ETN,3590,Industrials
ETSY,7389,Consumer Discretionary
EXPD,4731,Industrials
EXPE,4700,Consumer Discretionary
F,3711,Consumer Discretionary
FAST,5200,Consumer Discretionary
FCX,1000,Materials
FDX,4513,Industrials
FER,1600,Industrials
FFIV,3576,Information Technology
FIS,7389,Financials
FISV,7389,Financials
FLEX,3672,Information Technology
FLR,1600,Industrials
FMCC,6111,Financials
FNMA,6111,Financials
FOSL,3873,Industrials
FSLR,3674,Information Technology
FTV,3823,Information Technology
GE,3600,Industrials
GEN,7372,Information Technology
GEV,3600,Industrials
GFS,3674,Information Technology
GILD,2836,Health Care
GLW,3357,Materials
GM,3711,Consumer Discretionary
GNTX,3714,Consumer Discretionary
GNW,6311,Financials
GOOGL,7370,Communication Services
GPN,7389,Financials
GRMN,3812,Information Technology
GS,6211,Financials
HAL,1389,Energy
HCA,8062,Health Care
HD,5211,Consumer Discretionary
HIG,6331,Financials
HOG,3751,Consumer Discretionary
HON,3724,Industrials
HOOD,6211,Financials
HPQ,3570,Information Technology
HSIC,5047,Industrials
HUM,6324,Health Care
IBM,3570,Information Technology
ICE,6200,Financials
ILMN,3826,Information Technology
INCY,8731,Health Care
INFY,7371,Information Technology
INTC,3674,Information Technology
INTU,7372,Information Technology
ISRG,3842,Health Care
JBHT,4213,Industrials
JCI,3585,Industrials
JD,5990,Consumer Discretionary
JNJ,2834,Health Care
JPM,6021,Financials
KBH,1531,Consumer Discretionary
KDP,2080,Consumer Staples
KHC,2030,Consumer Staples
KKR,6282,Financials
KLAC,3827,Information Technology
KMI,4922,Energy
KO,2080,Consumer Staples
KR,5411,Consumer Staples
KSS,5311,Consumer Discretionary
KVUE,2844,Consumer Staples
LAMR,6798,Real Estate
LBTYA,4841,Communication Services
LCID,3711,Consumer Discretionary
LEN,1520,Consumer Discretionary
LILA,4841,Communication Services
LIN,2810,Materials
LITE,3669,Information Technology
LLY,2834,Health Care
LMT,3760,Industrials
LOGI,3577,Information Technology
LOW,5211,Consumer Discretionary
LRCX,3559,Information Technology
LULU,2300,Consumer Discretionary
LUV,4512,Industrials
LYB,2860,Materials
M,5311,Consumer Discretionary
MA,7389,Financials
MAR,7011,Consumer Discretionary
MCD,5812,Consumer Discretionary
MCHP,3674,Information Technology
MCK,5122,Health Care
MCO,7320,Financials
MDB,7372,Information Technology
MDLZ,2000,Consumer Staples
MDT,3845,Health Care
MELI,7389,Industrials
MET,6311,Financials
META,7370,Communication Services
MMM,3841,Health Care
MNST,2086,Consumer Staples
MO,2111,Consumer Staples
MOS,2870,Materials
MPC,2911,Energy
MPWR,3674,Information Technology
MRK,2834,Health Care
MRNA,2836,Health Care
MRSH,6411,Financials
MRVL,3674,Information Technology
MS,6211,Financials
MSFT,7372,Information Technology
MSI,3663,Information Technology
MSTR,6199,Financials
MTCH,7370,Information Technology
MU,3674,Information Technology
NBIS,7370,Information Technology
NBR,1381,Energy
NCLH,4400,Consumer Discretionary
NEE,4911,Utilities
NEM,1040,Materials
NFLX,7841,Communication Services
NKE,3021,Consumer Discretionary
NOC,3812,Information Technology
NOV,3533,Industrials
NOW,7372,Information Technology
NSC,4011,Industrials
NTAP,3572,Information Technology
NTES,7372,Information Technology
NUE,3312,Materials
NVDA,3674,Information Technology
NXPI,3674,Information Technology
OKTA,7372,Information Technology
ON,3674,Information Technology
ORCL,7372,Information Technology
ORLY,5531,Consumer Discretionary
OXY,1311,Energy
PANW,3577,Information Technology
PCG,4931,Utilities
PDD,7389,Industrials
PEP,2080,Consumer Staples
PFE,2834,Health Care
PG,2840,Materials
PHM,1531,Consumer Discretionary
PLTR,7372,Information Technology
PM,2111,Consumer Staples
PNC,6021,Financials
PPG,2851,Materials
PRGO,2834,Health Care
PSKY,4833,Communication Services
PSX,2911,Energy
PTEN,1381,Energy
PTON,3949,Consumer Discretionary
PYPL,7389,Financials
QCOM,3663,Information Technology
QGEN,2836,Health Care
RCL,4400,Consumer Discretionary
REGN,2834,Health Care
RIG,1381,Energy
RIVN,3711,Consumer Discretionary
RKLB,3760,Industrials
ROST,5651,Consumer Discretionary
RRC,1311,Energy
RTX,3724,Industrials
RYAAY,4512,Industrials
SANM,3672,Information Technology
SBAC,6798,Real Estate
SBUX,5810,Consumer Discretionary
SCHW,6211,Financials
SHOP,7372,Information Technology
SIRI,4832,Communication Services
SLB,1389,Energy
SLM,6141,Financials
SMCI,3571,Information Technology
SNDK,3572,Information Technology
SNPS,7372,Information Technology
SPG,6798,Real Estate
SPGI,7320,Financials
STLD,3312,Materials
STT,6022,Financials
STX,3572,Information Technology
STZ,2080,Consumer Staples
SWKS,3674,Information Technology
SYF,6199,Financials
T,4813,Communication Services
TCOM,7389,Industrials
TEAM,7372,Information Technology
TER,3825,Information Technology
TEVA,2834,Health Care
TGT,5331,Consumer Staples
TJX,5651,Consumer Discretionary
TMO,3829,Information Technology
TMUS,4812,Communication Services
TPR,3100,Consumer Discretionary
TRI,2741,Communication Services
TSCO,5200,Consumer Discretionary
TSLA,3711,Consumer Discretionary
TTD,7370,Information Technology
TTWO,7372,Information Technology
TXN,3674,Information Technology
UAA,2300,Consumer Discretionary
UAL,4512,Industrials
UBER,7389,Consumer Discretionary
ULTA,5990,Consumer Discretionary
UNH,6324,Health Care
UNP,4011,Industrials
UPS,4210,Industrials
URBN,5651,Consumer Discretionary
USB,6021,Financials
V,7389,Financials
VEON,4812,Communication Services
VIAV,3674,Information Technology
VLO,2911,Energy
VOD,4812,Communication Services
VRSK,7374,Information Technology
VRSN,7371,Information Technology
VRT,3679,Information Technology
VRTX,2834,Health Care
VST,4911,Utilities
VTRS,2834,Health Care
VZ,4813,Communication Services
WBD,4841,Communication Services
WDAY,7374,Information Technology
WDC,3572,Information Technology
WFC,6021,Financials
WMB,4922,Energy
WMT,5331,Consumer Staples
WYNN,7011,Consumer Discretionary
XOM,2911,Energy
XRAY,3843,Health Care
YUM,5812,Consumer Discretionary
ZBH,3842,Health Care
ZM,7370,Information Technology
ZS,7371,Information Technology
ZTS,2834,Health Care
